Vector Size,PHE Encryption (s),PHE Dot Product (s),PHE Decryption (s),FHE Encryption (s),FHE Dot Product (s),FHE Decryption (s)
10,0.6035442352294922,0.014192978541056315,0.3392471472422282,0.0036489168802897134,0.00638127326965332,0.0011566480000813801
64,0.9550066788991293,0.09629170099894206,2.239057699839274,0.002704620361328125,0.006803274154663086,0.0007659594217936198
128,1.2053276697794597,0.25133546193440753,4.395261367162068,0.002580404281616211,0.011893908182779947,0.0007397333780924479
256,1.5785613854726155,0.4099835554758708,8.83503524462382,0.0027120113372802734,0.017323017120361328,0.0007243951161702474
512,2.346419016520182,0.710785706837972,17.457945028940838,0.002630313237508138,0.00937032699584961,0.0007456938425699869
1024,4.058262983957927,1.2956096331278484,34.981504360834755,0.0030045509338378906,0.009604692459106445,0.0008864402770996094
2048,7.699407339096069,2.6700547536214194,70.5594429175059,0.002684990564982096,0.010056575139363607,0.0008214314778645834
4096,16.107852061589558,5.294122616449992,141.9840620358785,0.003975709279378255,0.011492093404134115,0.0010709762573242188
